{"cameraMode":{"drawMode":0,"name":"Shaded","section":"Shading Mode"},"sceneLighting":false,"audioPlay":false,"sceneViewState":{"showFog":true,"showMaterialUpdate":false,"showSkybox":false,"showFlares":true,"showImageEffects":true,"showParticleSystems":true},"in2DMode":false,"pivot":{"x":0.0,"y":0.08985042572021485,"z":-0.020919501781463624},"rotation":{"x":0.1896093338727951,"y":-0.41460898518562319,"z":0.08877053111791611,"w":0.8855940699577332},"size":0.20506839454174043,"orthographic":true}