{"cameraMode":{"drawMode":0,"name":"Shaded","section":"Shading Mode"},"sceneLighting":false,"audioPlay":false,"sceneViewState":{"showFog":true,"showMaterialUpdate":false,"showSkybox":false,"showFlares":true,"showImageEffects":true,"showParticleSystems":true},"in2DMode":false,"pivot":{"x":0.000026702880859375,"y":0.000072479248046875,"z":0.000026702880859375},"rotation":{"x":0.09006044268608093,"y":-0.8680475354194641,"z":0.17092475295066834,"w":0.45737332105636599},"size":9.978206634521485,"orthographic":true}