{"cameraMode":{"drawMode":0,"name":"Shaded","section":"Shading Mode"},"sceneLighting":false,"audioPlay":false,"sceneViewState":{"showFog":true,"showMaterialUpdate":false,"showSkybox":false,"showFlares":true,"showImageEffects":true,"showParticleSystems":true},"in2DMode":false,"pivot":{"x":-0.03853529691696167,"y":-0.08044871687889099,"z":-0.9410263299942017},"rotation":{"x":0.1896093338727951,"y":-0.41460898518562319,"z":0.08877053111791611,"w":0.8855940699577332},"size":0.6924604177474976,"orthographic":true}