{"cameraMode":{"drawMode":0,"name":"Shaded","section":"Shading Mode"},"sceneLighting":false,"audioPlay":false,"sceneViewState":{"showFog":true,"showMaterialUpdate":false,"showSkybox":false,"showFlares":true,"showImageEffects":true,"showParticleSystems":true},"in2DMode":false,"pivot":{"x":7.450580596923828e-9,"y":0.010407296009361744,"z":-3.725290298461914e-9},"rotation":{"x":0.13352857530117036,"y":-0.08448922634124756,"z":0.011427091434597969,"w":0.9873775839805603},"size":0.11547605693340302,"orthographic":true}