{"cameraMode":{"drawMode":0,"name":"Shaded","section":"Shading Mode"},"sceneLighting":false,"audioPlay":false,"sceneViewState":{"showFog":true,"showMaterialUpdate":false,"showSkybox":false,"showFlares":true,"showImageEffects":true,"showParticleSystems":true},"in2DMode":false,"pivot":{"x":0.000015974044799804688,"y":0.08075153827667237,"z":-0.00775398313999176},"rotation":{"x":0.13352857530117036,"y":-0.08448922634124756,"z":0.011427091434597969,"w":0.9873775839805603},"size":0.23497824370861054,"orthographic":true}