{"cameraMode":{"drawMode":0,"name":"Shaded","section":"Shading Mode"},"sceneLighting":true,"audioPlay":false,"sceneViewState":{"showFog":true,"showMaterialUpdate":false,"showSkybox":true,"showFlares":true,"showImageEffects":true,"showParticleSystems":true},"in2DMode":false,"pivot":{"x":-0.07366176694631577,"y":-0.06948909163475037,"z":0.13753879070281983},"rotation":{"x":0.13352857530117036,"y":-0.08448922634124756,"z":0.011427091434597969,"w":0.9873775839805603},"size":0.8703420758247376,"orthographic":true}