{"cameraMode":{"drawMode":0,"name":"Shaded","section":"Shading Mode"},"sceneLighting":false,"audioPlay":false,"sceneViewState":{"showFog":true,"showMaterialUpdate":false,"showSkybox":false,"showFlares":true,"showImageEffects":true,"showParticleSystems":true},"in2DMode":false,"pivot":{"x":-0.04465286061167717,"y":-0.0033085087779909374,"z":-0.5163611173629761},"rotation":{"x":0.061430785804986957,"y":-0.031435173004865649,"z":0.0019356984412297607,"w":0.9976150393486023},"size":1.6564035415649415,"orthographic":true}