{"cameraMode":{"drawMode":0,"name":"Shaded","section":"Shading Mode"},"sceneLighting":false,"audioPlay":false,"sceneViewState":{"showFog":true,"showMaterialUpdate":false,"showSkybox":false,"showFlares":true,"showImageEffects":true,"showParticleSystems":true},"in2DMode":false,"pivot":{"x":-0.000014357268810272217,"y":0.08979013562202454,"z":-0.017847806215286256},"rotation":{"x":0.17299982905387879,"y":0.22677357494831086,"z":-0.040969036519527438,"w":0.9575875997543335},"size":0.2072419673204422,"orthographic":false}